experiment_id,characterization_id,linecut_id,q_units,intensity_units,q,intensity
PNDI2ODT2_Tang2022_CB_65nm,PNDI2ODT2_Tang2022_CB_65nm_spincoat_GIWAXS_1d_linecut_inplane,100C,1/A,arb,0.611111,1.10327e+12
PNDI2ODT2_Tang2022_CB_65nm,PNDI2ODT2_Tang2022_CB_65nm_spincoat_GIWAXS_1d_linecut_inplane,100C,1/A,arb,0.614379,1.11887e+12
PNDI2ODT2_Tang2022_CB_65nm,PNDI2ODT2_Tang2022_CB_65nm_spincoat_GIWAXS_1d_linecut_inplane,100C,1/A,arb,0.617647,1.11887e+12
PNDI2ODT2_Tang2022_CB_65nm,PNDI2ODT2_Tang2022_CB_65nm_spincoat_GIWAXS_1d_linecut_inplane,100C,1/A,arb,0.620915,1.11887e+12
PNDI2ODT2_Tang2022_CB_65nm,PNDI2ODT2_Tang2022_CB_65nm_spincoat_GIWAXS_1d_linecut_inplane,100C,1/A,arb,0.624183,1.11887e+12
PNDI2ODT2_Tang2022_CB_65nm,PNDI2ODT2_Tang2022_CB_65nm_spincoat_GIWAXS_1d_linecut_inplane,100C,1/A,arb,0.627451,1.11887e+12
PNDI2ODT2_Tang2022_CB_65nm,PNDI2ODT2_Tang2022_CB_65nm_spincoat_GIWAXS_1d_linecut_inplane,100C,1/A,arb,0.630719,1.11887e+12
PNDI2ODT2_Tang2022_CB_65nm,PNDI2ODT2_Tang2022_CB_65nm_spincoat_GIWAXS_1d_linecut_inplane,100C,1/A,arb,0.633987,1.11887e+12
PNDI2ODT2_Tang2022_CB_65nm,PNDI2ODT2_Tang2022_CB_65nm_spincoat_GIWAXS_1d_linecut_inplane,100C,1/A,arb,0.637255,1.11887e+12
PNDI2ODT2_Tang2022_CB_65nm,PNDI2ODT2_Tang2022_CB_65nm_spincoat_GIWAXS_1d_linecut_inplane,100C,1/A,arb,0.640523,1.11887e+12
PNDI2ODT2_Tang2022_CB_65nm,PNDI2ODT2_Tang2022_CB_65nm_spincoat_GIWAXS_1d_linecut_inplane,100C,1/A,arb,0.643791,1.11887e+12
PNDI2ODT2_Tang2022_CB_65nm,PNDI2ODT2_Tang2022_CB_65nm_spincoat_GIWAXS_1d_linecut_inplane,100C,1/A,arb,0.647059,1.11887e+12
PNDI2ODT2_Tang2022_CB_65nm,PNDI2ODT2_Tang2022_CB_65nm_spincoat_GIWAXS_1d_linecut_inplane,100C,1/A,arb,0.650327,1.11887e+12
PNDI2ODT2_Tang2022_CB_65nm,PNDI2ODT2_Tang2022_CB_65nm_spincoat_GIWAXS_1d_linecut_inplane,100C,1/A,arb,0.653595,1.11887e+12
PNDI2ODT2_Tang2022_CB_65nm,PNDI2ODT2_Tang2022_CB_65nm_spincoat_GIWAXS_1d_linecut_inplane,100C,1/A,arb,0.656863,1.11887e+12
PNDI2ODT2_Tang2022_CB_65nm,PNDI2ODT2_Tang2022_CB_65nm_spincoat_GIWAXS_1d_linecut_inplane,100C,1/A,arb,0.660131,1.11887e+12
PNDI2ODT2_Tang2022_CB_65nm,PNDI2ODT2_Tang2022_CB_65nm_spincoat_GIWAXS_1d_linecut_inplane,100C,1/A,arb,0.663399,1.11887e+12
PNDI2ODT2_Tang2022_CB_65nm,PNDI2ODT2_Tang2022_CB_65nm_spincoat_GIWAXS_1d_linecut_inplane,100C,1/A,arb,0.666667,1.11887e+12
PNDI2ODT2_Tang2022_CB_65nm,PNDI2ODT2_Tang2022_CB_65nm_spincoat_GIWAXS_1d_linecut_inplane,100C,1/A,arb,0.669935,1.11887e+12
PNDI2ODT2_Tang2022_CB_65nm,PNDI2ODT2_Tang2022_CB_65nm_spincoat_GIWAXS_1d_linecut_inplane,100C,1/A,arb,0.673203,1.11887e+12
PNDI2ODT2_Tang2022_CB_65nm,PNDI2ODT2_Tang2022_CB_65nm_spincoat_GIWAXS_1d_linecut_inplane,100C,1/A,arb,0.676471,1.11887e+12
PNDI2ODT2_Tang2022_CB_65nm,PNDI2ODT2_Tang2022_CB_65nm_spincoat_GIWAXS_1d_linecut_inplane,100C,1/A,arb,0.679739,1.11887e+12
PNDI2ODT2_Tang2022_CB_65nm,PNDI2ODT2_Tang2022_CB_65nm_spincoat_GIWAXS_1d_linecut_inplane,100C,1/A,arb,0.683007,1.11887e+12
PNDI2ODT2_Tang2022_CB_65nm,PNDI2ODT2_Tang2022_CB_65nm_spincoat_GIWAXS_1d_linecut_inplane,100C,1/A,arb,0.686275,1.11887e+12
PNDI2ODT2_Tang2022_CB_65nm,PNDI2ODT2_Tang2022_CB_65nm_spincoat_GIWAXS_1d_linecut_inplane,100C,1/A,arb,0.689542,1.11887e+12
PNDI2ODT2_Tang2022_CB_65nm,PNDI2ODT2_Tang2022_CB_65nm_spincoat_GIWAXS_1d_linecut_inplane,100C,1/A,arb,0.69281,1.11887e+12
PNDI2ODT2_Tang2022_CB_65nm,PNDI2ODT2_Tang2022_CB_65nm_spincoat_GIWAXS_1d_linecut_inplane,100C,1/A,arb,0.696078,1.11887e+12
PNDI2ODT2_Tang2022_CB_65nm,PNDI2ODT2_Tang2022_CB_65nm_spincoat_GIWAXS_1d_linecut_inplane,100C,1/A,arb,0.699346,1.11887e+12
PNDI2ODT2_Tang2022_CB_65nm,PNDI2ODT2_Tang2022_CB_65nm_spincoat_GIWAXS_1d_linecut_inplane,100C,1/A,arb,0.702614,1.11887e+12
PNDI2ODT2_Tang2022_CB_65nm,PNDI2ODT2_Tang2022_CB_65nm_spincoat_GIWAXS_1d_linecut_inplane,100C,1/A,arb,0.705882,1.11887e+12
PNDI2ODT2_Tang2022_CB_65nm,PNDI2ODT2_Tang2022_CB_65nm_spincoat_GIWAXS_1d_linecut_inplane,100C,1/A,arb,0.70915,1.11887e+12
PNDI2ODT2_Tang2022_CB_65nm,PNDI2ODT2_Tang2022_CB_65nm_spincoat_GIWAXS_1d_linecut_inplane,100C,1/A,arb,0.712418,1.11887e+12
PNDI2ODT2_Tang2022_CB_65nm,PNDI2ODT2_Tang2022_CB_65nm_spincoat_GIWAXS_1d_linecut_inplane,100C,1/A,arb,0.715686,1.11887e+12
PNDI2ODT2_Tang2022_CB_65nm,PNDI2ODT2_Tang2022_CB_65nm_spincoat_GIWAXS_1d_linecut_inplane,100C,1/A,arb,0.718954,1.11887e+12
PNDI2ODT2_Tang2022_CB_65nm,PNDI2ODT2_Tang2022_CB_65nm_spincoat_GIWAXS_1d_linecut_inplane,100C,1/A,arb,0.722222,1.11887e+12
PNDI2ODT2_Tang2022_CB_65nm,PNDI2ODT2_Tang2022_CB_65nm_spincoat_GIWAXS_1d_linecut_inplane,100C,1/A,arb,0.72549,1.11887e+12
PNDI2ODT2_Tang2022_CB_65nm,PNDI2ODT2_Tang2022_CB_65nm_spincoat_GIWAXS_1d_linecut_inplane,100C,1/A,arb,0.728758,1.11887e+12
PNDI2ODT2_Tang2022_CB_65nm,PNDI2ODT2_Tang2022_CB_65nm_spincoat_GIWAXS_1d_linecut_inplane,100C,1/A,arb,0.732026,1.11887e+12
PNDI2ODT2_Tang2022_CB_65nm,PNDI2ODT2_Tang2022_CB_65nm_spincoat_GIWAXS_1d_linecut_inplane,100C,1/A,arb,0.735294,1.11887e+12
PNDI2ODT2_Tang2022_CB_65nm,PNDI2ODT2_Tang2022_CB_65nm_spincoat_GIWAXS_1d_linecut_inplane,100C,1/A,arb,0.738562,1.11887e+12
PNDI2ODT2_Tang2022_CB_65nm,PNDI2ODT2_Tang2022_CB_65nm_spincoat_GIWAXS_1d_linecut_inplane,100C,1/A,arb,0.74183,1.11887e+12
PNDI2ODT2_Tang2022_CB_65nm,PNDI2ODT2_Tang2022_CB_65nm_spincoat_GIWAXS_1d_linecut_inplane,100C,1/A,arb,0.745098,1.11887e+12
PNDI2ODT2_Tang2022_CB_65nm,PNDI2ODT2_Tang2022_CB_65nm_spincoat_GIWAXS_1d_linecut_inplane,100C,1/A,arb,0.748366,1.11887e+12
PNDI2ODT2_Tang2022_CB_65nm,PNDI2ODT2_Tang2022_CB_65nm_spincoat_GIWAXS_1d_linecut_inplane,100C,1/A,arb,0.751634,1.11887e+12
PNDI2ODT2_Tang2022_CB_65nm,PNDI2ODT2_Tang2022_CB_65nm_spincoat_GIWAXS_1d_linecut_inplane,100C,1/A,arb,0.754902,1.11887e+12
PNDI2ODT2_Tang2022_CB_65nm,PNDI2ODT2_Tang2022_CB_65nm_spincoat_GIWAXS_1d_linecut_inplane,100C,1/A,arb,0.75817,1.11887e+12
PNDI2ODT2_Tang2022_CB_65nm,PNDI2ODT2_Tang2022_CB_65nm_spincoat_GIWAXS_1d_linecut_inplane,100C,1/A,arb,0.761438,1.11887e+12
PNDI2ODT2_Tang2022_CB_65nm,PNDI2ODT2_Tang2022_CB_65nm_spincoat_GIWAXS_1d_linecut_inplane,100C,1/A,arb,0.764706,1.11887e+12
PNDI2ODT2_Tang2022_CB_65nm,PNDI2ODT2_Tang2022_CB_65nm_spincoat_GIWAXS_1d_linecut_inplane,100C,1/A,arb,0.767974,1.11887e+12
PNDI2ODT2_Tang2022_CB_65nm,PNDI2ODT2_Tang2022_CB_65nm_spincoat_GIWAXS_1d_linecut_inplane,100C,1/A,arb,0.771242,1.11887e+12
PNDI2ODT2_Tang2022_CB_65nm,PNDI2ODT2_Tang2022_CB_65nm_spincoat_GIWAXS_1d_linecut_inplane,100C,1/A,arb,0.77451,1.11887e+12
PNDI2ODT2_Tang2022_CB_65nm,PNDI2ODT2_Tang2022_CB_65nm_spincoat_GIWAXS_1d_linecut_inplane,100C,1/A,arb,0.777778,1.11887e+12
PNDI2ODT2_Tang2022_CB_65nm,PNDI2ODT2_Tang2022_CB_65nm_spincoat_GIWAXS_1d_linecut_inplane,100C,1/A,arb,0.781046,1.11887e+12
PNDI2ODT2_Tang2022_CB_65nm,PNDI2ODT2_Tang2022_CB_65nm_spincoat_GIWAXS_1d_linecut_inplane,100C,1/A,arb,0.784314,1.11887e+12
PNDI2ODT2_Tang2022_CB_65nm,PNDI2ODT2_Tang2022_CB_65nm_spincoat_GIWAXS_1d_linecut_inplane,100C,1/A,arb,0.787582,1.11887e+12
